[
  {
    "name": "Seoul",
    "lat": 37.5665,
    "lon": 126.978,
    "country": "South Korea"
  },
  {
    "name": "Busan",
    "lat": 35.1796,
    "lon": 129.0756,
    "country": "South Korea"
  },
  {
    "name": "Incheon",
    "lat": 37.4563,
    "lon": 126.7052,
    "country": "South Korea"
  },
  {
    "name": "Daegu",
    "lat": 35.8714,
    "lon": 128.6014,
    "country": "South Korea"
  },
  {
    "name": "Daejeon",
    "lat": 36.3504,
    "lon": 127.3845,
    "country": "South Korea"
  },
  {
    "name": "Gwangju",
    "lat": 35.1595,
    "lon": 126.8526,
    "country": "South Korea"
  },
  {
    "name": "Ulsan",
    "lat": 35.5384,
    "lon": 129.3114,
    "country": "South Korea"
  },
  {
    "name": "Suwon",
    "lat": 37.2636,
    "lon": 127.0286,
    "country": "South Korea"
  },
  {
    "name": "Beijing",
    "lat": 39.9042,
    "lon": 116.4074,
    "country": "China"
  },
  {
    "name": "Shanghai",
    "lat": 31.2304,
    "lon": 121.4737,
    "country": "China"
  },
  {
    "name": "Guangzhou",
    "lat": 23.1291,
    "lon": 113.2644,
    "country": "China"
  },
  {
    "name": "Shenzhen",
    "lat": 22.5431,
    "lon": 114.0579,
    "country": "China"
  },
  {
    "name": "Chengdu",
    "lat": 30.5728,
    "lon": 104.0668,
    "country": "China"
  },
  {
    "name": "Chongqing",
    "lat": 29.4316,
    "lon": 106.9123,
    "country": "China"
  },
  {
    "name": "Tianjin",
    "lat": 39.3434,
    "lon": 117.3616,
    "country": "China"
  },
  {
    "name": "Wuhan",
    "lat": 30.5928,
    "lon": 114.3055,
    "country": "China"
  },
  {
    "name": "Hangzhou",
    "lat": 30.2741,
    "lon": 120.1551,
    "country": "China"
  },
  {
    "name": "Nanjing",
    "lat": 32.0603,
    "lon": 118.7969,
    "country": "China"
  },
  {
    "name": "Shenyang",
    "lat": 41.8057,
    "lon": 123.4328,
    "country": "China"
  },
  {
    "name": "Hong Kong",
    "lat": 22.3193,
    "lon": 114.1694,
    "country": "Hong Kong"
  },
  {
    "name": "Taipei",
    "lat": 25.033,
    "lon": 121.5654,
    "country": "Taiwan"
  },
  {
    "name": "Tokyo",
    "lat": 35.6762,
    "lon": 139.6503,
    "country": "Japan"
  },
  {
    "name": "Osaka",
    "lat": 34.6937,
    "lon": 135.5023,
    "country": "Japan"
  },
  {
    "name": "Nagoya",
    "lat": 35.1815,
    "lon": 136.9066,
    "country": "Japan"
  },
  {
    "name": "Sapporo",
    "lat": 43.0642,
    "lon": 141.3469,
    "country": "Japan"
  },
  {
    "name": "Fukuoka",
    "lat": 33.5904,
    "lon": 130.4017,
    "country": "Japan"
  },
  {
    "name": "Kyoto",
    "lat": 35.0116,
    "lon": 135.7681,
    "country": "Japan"
  },
  {
    "name": "Delhi",
    "lat": 28.6139,
    "lon": 77.209,
    "country": "India"
  },
  {
    "name": "Mumbai",
    "lat": 19.076,
    "lon": 72.8777,
    "country": "India"
  },
  {
    "name": "Kolkata",
    "lat": 22.5726,
    "lon": 88.3639,
    "country": "India"
  },
  {
    "name": "Chennai",
    "lat": 13.0827,
    "lon": 80.2707,
    "country": "India"
  },
  {
    "name": "Bangalore",
    "lat": 12.9716,
    "lon": 77.5946,
    "country": "India"
  },
  {
    "name": "Hyderabad",
    "lat": 17.385,
    "lon": 78.4867,
    "country": "India"
  },
  {
    "name": "Ahmedabad",
    "lat": 23.0225,
    "lon": 72.5714,
    "country": "India"
  },
  {
    "name": "Pune",
    "lat": 18.5204,
    "lon": 73.8567,
    "country": "India"
  },
  {
    "name": "Jaipur",
    "lat": 26.9124,
    "lon": 75.7873,
    "country": "India"
  },
  {
    "name": "Lucknow",
    "lat": 26.8467,
    "lon": 80.9462,
    "country": "India"
  },
  {
    "name": "Dhaka",
    "lat": 23.8103,
    "lon": 90.4125,
    "country": "Bangladesh"
  },
  {
    "name": "Karachi",
    "lat": 24.8607,
    "lon": 67.0011,
    "country": "Pakistan"
  },
  {
    "name": "Lahore",
    "lat": 31.5204,
    "lon": 74.3587,
    "country": "Pakistan"
  },
  {
    "name": "Islamabad",
    "lat": 33.6844,
    "lon": 73.0479,
    "country": "Pakistan"
  },
  {
    "name": "Colombo",
    "lat": 6.9271,
    "lon": 79.8612,
    "country": "Sri Lanka"
  },
  {
    "name": "Kathmandu",
    "lat": 27.7172,
    "lon": 85.324,
    "country": "Nepal"
  },
  {
    "name": "Bangkok",
    "lat": 13.7563,
    "lon": 100.5018,
    "country": "Thailand"
  },
  {
    "name": "Hanoi",
    "lat": 21.0285,
    "lon": 105.8542,
    "country": "Vietnam"
  },
  {
    "name": "Ho Chi Minh City",
    "lat": 10.8231,
    "lon": 106.6297,
    "country": "Vietnam"
  },
  {
    "name": "Jakarta",
    "lat": -6.2088,
    "lon": 106.8456,
    "country": "Indonesia"
  },
  {
    "name": "Surabaya",
    "lat": -7.2575,
    "lon": 112.7521,
    "country": "Indonesia"
  },
  {
    "name": "Singapore",
    "lat": 1.3521,
    "lon": 103.8198,
    "country": "Singapore"
  },
  {
    "name": "Kuala Lumpur",
    "lat": 3.139,
    "lon": 101.6869,
    "country": "Malaysia"
  },
  {
    "name": "Manila",
    "lat": 14.5995,
    "lon": 120.9842,
    "country": "Philippines"
  },
  {
    "name": "Yangon",
    "lat": 16.8661,
    "lon": 96.1951,
    "country": "Myanmar"
  },
  {
    "name": "Phnom Penh",
    "lat": 11.5564,
    "lon": 104.9282,
    "country": "Cambodia"
  },
  {
    "name": "New York",
    "lat": 40.7128,
    "lon": -74.006,
    "country": "United States"
  },
  {
    "name": "Los Angeles",
    "lat": 34.0522,
    "lon": -118.2437,
    "country": "United States"
  },
  {
    "name": "Chicago",
    "lat": 41.8781,
    "lon": -87.6298,
    "country": "United States"
  },
  {
    "name": "Houston",
    "lat": 29.7604,
    "lon": -95.3698,
    "country": "United States"
  },
  {
    "name": "Phoenix",
    "lat": 33.4484,
    "lon": -112.074,
    "country": "United States"
  },
  {
    "name": "Philadelphia",
    "lat": 39.9526,
    "lon": -75.1652,
    "country": "United States"
  },
  {
    "name": "San Antonio",
    "lat": 29.4241,
    "lon": -98.4936,
    "country": "United States"
  },
  {
    "name": "San Diego",
    "lat": 32.7157,
    "lon": -117.1611,
    "country": "United States"
  },
  {
    "name": "Dallas",
    "lat": 32.7767,
    "lon": -96.797,
    "country": "United States"
  },
  {
    "name": "San Francisco",
    "lat": 37.7749,
    "lon": -122.4194,
    "country": "United States"
  },
  {
    "name": "Seattle",
    "lat": 47.6062,
    "lon": -122.3321,
    "country": "United States"
  },
  {
    "name": "Denver",
    "lat": 39.7392,
    "lon": -104.9903,
    "country": "United States"
  },
  {
    "name": "Boston",
    "lat": 42.3601,
    "lon": -71.0589,
    "country": "United States"
  },
  {
    "name": "Atlanta",
    "lat": 33.749,
    "lon": -84.388,
    "country": "United States"
  },
  {
    "name": "Miami",
    "lat": 25.7617,
    "lon": -80.1918,
    "country": "United States"
  },
  {
    "name": "Washington DC",
    "lat": 38.9072,
    "lon": -77.0369,
    "country": "United States"
  },
  {
    "name": "Toronto",
    "lat": 43.6532,
    "lon": -79.3832,
    "country": "Canada"
  },
  {
    "name": "Montreal",
    "lat": 45.5017,
    "lon": -73.5673,
    "country": "Canada"
  },
  {
    "name": "Vancouver",
    "lat": 49.2827,
    "lon": -123.1207,
    "country": "Canada"
  },
  {
    "name": "Calgary",
    "lat": 51.0447,
    "lon": -114.0719,
    "country": "Canada"
  },
  {
    "name": "Ottawa",
    "lat": 45.4215,
    "lon": -75.6972,
    "country": "Canada"
  },
  {
    "name": "Mexico City",
    "lat": 19.4326,
    "lon": -99.1332,
    "country": "Mexico"
  },
  {
    "name": "Guadalajara",
    "lat": 20.6597,
    "lon": -103.3496,
    "country": "Mexico"
  },
  {
    "name": "Monterrey",
    "lat": 25.6866,
    "lon": -100.3161,
    "country": "Mexico"
  },
  {
    "name": "São Paulo",
    "lat": -23.5505,
    "lon": -46.6333,
    "country": "Brazil"
  },
  {
    "name": "Rio de Janeiro",
    "lat": -22.9068,
    "lon": -43.1729,
    "country": "Brazil"
  },
  {
    "name": "Brasília",
    "lat": -15.8267,
    "lon": -47.9218,
    "country": "Brazil"
  },
  {
    "name": "Buenos Aires",
    "lat": -34.6037,
    "lon": -58.3816,
    "country": "Argentina"
  },
  {
    "name": "Santiago",
    "lat": -33.4489,
    "lon": -70.6693,
    "country": "Chile"
  },
  {
    "name": "Lima",
    "lat": -12.0464,
    "lon": -77.0428,
    "country": "Peru"
  },
  {
    "name": "Bogotá",
    "lat": 4.711,
    "lon": -74.0721,
    "country": "Colombia"
  },
  {
    "name": "Caracas",
    "lat": 10.4806,
    "lon": -66.9036,
    "country": "Venezuela"
  },
  {
    "name": "London",
    "lat": 51.5074,
    "lon": -0.1278,
    "country": "United Kingdom"
  },
  {
    "name": "Manchester",
    "lat": 53.4808,
    "lon": -2.2426,
    "country": "United Kingdom"
  },
  {
    "name": "Paris",
    "lat": 48.8566,
    "lon": 2.3522,
    "country": "France"
  },
  {
    "name": "Marseille",
    "lat": 43.2965,
    "lon": 5.3698,
    "country": "France"
  },
  {
    "name": "Lyon",
    "lat": 45.764,
    "lon": 4.8357,
    "country": "France"
  },
  {
    "name": "Berlin",
    "lat": 52.52,
    "lon": 13.405,
    "country": "Germany"
  },
  {
    "name": "Munich",
    "lat": 48.1351,
    "lon": 11.582,
    "country": "Germany"
  },
  {
    "name": "Hamburg",
    "lat": 53.5511,
    "lon": 9.9937,
    "country": "Germany"
  },
  {
    "name": "Frankfurt",
    "lat": 50.1109,
    "lon": 8.6821,
    "country": "Germany"
  },
  {
    "name": "Amsterdam",
    "lat": 52.3676,
    "lon": 4.9041,
    "country": "Netherlands"
  },
  {
    "name": "Brussels",
    "lat": 50.8503,
    "lon": 4.3517,
    "country": "Belgium"
  },
  {
    "name": "Rome",
    "lat": 41.9028,
    "lon": 12.4964,
    "country": "Italy"
  },
  {
    "name": "Milan",
    "lat": 45.4642,
    "lon": 9.19,
    "country": "Italy"
  },
  {
    "name": "Naples",
    "lat": 40.8518,
    "lon": 14.2681,
    "country": "Italy"
  },
  {
    "name": "Madrid",
    "lat": 40.4168,
    "lon": -3.7038,
    "country": "Spain"
  },
  {
    "name": "Barcelona",
    "lat": 41.3851,
    "lon": 2.1734,
    "country": "Spain"
  },
  {
    "name": "Valencia",
    "lat": 39.4699,
    "lon": -0.3763,
    "country": "Spain"
  },
  {
    "name": "Lisbon",
    "lat": 38.7223,
    "lon": -9.1393,
    "country": "Portugal"
  },
  {
    "name": "Athens",
    "lat": 37.9838,
    "lon": 23.7275,
    "country": "Greece"
  },
  {
    "name": "Warsaw",
    "lat": 52.2297,
    "lon": 21.0122,
    "country": "Poland"
  },
  {
    "name": "Krakow",
    "lat": 50.0647,
    "lon": 19.945,
    "country": "Poland"
  },
  {
    "name": "Prague",
    "lat": 50.0755,
    "lon": 14.4378,
    "country": "Czech Republic"
  },
  {
    "name": "Budapest",
    "lat": 47.4979,
    "lon": 19.0402,
    "country": "Hungary"
  },
  {
    "name": "Vienna",
    "lat": 48.2082,
    "lon": 16.3738,
    "country": "Austria"
  },
  {
    "name": "Bucharest",
    "lat": 44.4268,
    "lon": 26.1025,
    "country": "Romania"
  },
  {
    "name": "Sofia",
    "lat": 42.6977,
    "lon": 23.3219,
    "country": "Bulgaria"
  },
  {
    "name": "Stockholm",
    "lat": 59.3293,
    "lon": 18.0686,
    "country": "Sweden"
  },
  {
    "name": "Copenhagen",
    "lat": 55.6761,
    "lon": 12.5683,
    "country": "Denmark"
  },
  {
    "name": "Oslo",
    "lat": 59.9139,
    "lon": 10.7522,
    "country": "Norway"
  },
  {
    "name": "Helsinki",
    "lat": 60.1699,
    "lon": 24.9384,
    "country": "Finland"
  },
  {
    "name": "Istanbul",
    "lat": 41.0082,
    "lon": 28.9784,
    "country": "Turkey"
  },
  {
    "name": "Ankara",
    "lat": 39.9334,
    "lon": 32.8597,
    "country": "Turkey"
  },
  {
    "name": "Moscow",
    "lat": 55.7558,
    "lon": 37.6173,
    "country": "Russia"
  },
  {
    "name": "Saint Petersburg",
    "lat": 59.9311,
    "lon": 30.3609,
    "country": "Russia"
  },
  {
    "name": "Sydney",
    "lat": -33.8688,
    "lon": 151.2093,
    "country": "Australia"
  },
  {
    "name": "Melbourne",
    "lat": -37.8136,
    "lon": 144.9631,
    "country": "Australia"
  },
  {
    "name": "Brisbane",
    "lat": -27.4698,
    "lon": 153.0251,
    "country": "Australia"
  },
  {
    "name": "Perth",
    "lat": -31.9505,
    "lon": 115.8605,
    "country": "Australia"
  },
  {
    "name": "Auckland",
    "lat": -36.8485,
    "lon": 174.7633,
    "country": "New Zealand"
  },
  {
    "name": "Wellington",
    "lat": -41.2865,
    "lon": 174.7762,
    "country": "New Zealand"
  },
  {
    "name": "Cairo",
    "lat": 30.0444,
    "lon": 31.2357,
    "country": "Egypt"
  },
  {
    "name": "Lagos",
    "lat": 6.5244,
    "lon": 3.3792,
    "country": "Nigeria"
  },
  {
    "name": "Kinshasa",
    "lat": -4.4419,
    "lon": 15.2663,
    "country": "DR Congo"
  },
  {
    "name": "Johannesburg",
    "lat": -26.2041,
    "lon": 28.0473,
    "country": "South Africa"
  },
  {
    "name": "Cape Town",
    "lat": -33.9249,
    "lon": 18.4241,
    "country": "South Africa"
  },
  {
    "name": "Nairobi",
    "lat": -1.2921,
    "lon": 36.8219,
    "country": "Kenya"
  },
  {
    "name": "Addis Ababa",
    "lat": 9.032,
    "lon": 38.7469,
    "country": "Ethiopia"
  },
  {
    "name": "Casablanca",
    "lat": 33.5731,
    "lon": -7.5898,
    "country": "Morocco"
  },
  {
    "name": "Accra",
    "lat": 5.6037,
    "lon": -0.187,
    "country": "Ghana"
  },
  {
    "name": "Riyadh",
    "lat": 24.7136,
    "lon": 46.6753,
    "country": "Saudi Arabia"
  },
  {
    "name": "Jeddah",
    "lat": 21.5433,
    "lon": 39.1728,
    "country": "Saudi Arabia"
  },
  {
    "name": "Dubai",
    "lat": 25.2048,
    "lon": 55.2708,
    "country": "United Arab Emirates"
  },
  {
    "name": "Abu Dhabi",
    "lat": 24.4539,
    "lon": 54.3773,
    "country": "United Arab Emirates"
  },
  {
    "name": "Tehran",
    "lat": 35.6892,
    "lon": 51.389,
    "country": "Iran"
  },
  {
    "name": "Baghdad",
    "lat": 33.3152,
    "lon": 44.3661,
    "country": "Iraq"
  },
  {
    "name": "Tel Aviv",
    "lat": 32.0853,
    "lon": 34.7818,
    "country": "Israel"
  },
  {
    "name": "Jerusalem",
    "lat": 31.7683,
    "lon": 35.2137,
    "country": "Israel"
  },
  {
    "name": "Beirut",
    "lat": 33.8886,
    "lon": 35.4955,
    "country": "Lebanon"
  },
  {
    "name": "Doha",
    "lat": 25.2854,
    "lon": 51.531,
    "country": "Qatar"
  },
  {
    "name": "Kuwait City",
    "lat": 29.3759,
    "lon": 47.9774,
    "country": "Kuwait"
  }
]